{
    "0": [
        0.7676315903663635,
        0.2693108916282654,
        0.4130692481994629,
        0.7446844577789307,
        0.03928155079483986,
        0.8098586201667786,
        0.40713638067245483,
        0.764371931552887,
        0.5595085024833679,
        0.4487779140472412,
        0.6388261318206787,
        0.5346658825874329
    ],
    "1": [
        0.7773179411888123,
        0.26073768734931946,
        0.42290425300598145,
        0.7546486854553223,
        0.04898565262556076,
        0.81979900598526,
        0.39998430013656616,
        0.7742712497711182,
        0.5495298504829407,
        0.4587782025337219,
        0.63872891664505,
        0.5442572832107544
    ],
    "2": [
        0.7871562242507935,
        0.2519102990627289,
        0.43259578943252563,
        0.7640988826751709,
        0.058825261890888214,
        0.829789936542511,
        0.3915371298789978,
        0.7840819358825684,
        0.5395718812942505,
        0.46879246830940247,
        0.6385987401008606,
        0.5526326894760132
    ],
    "3": [
        0.7969846725463867,
        0.2433456927537918,
        0.44203266501426697,
        0.7730889320373535,
        0.06872669607400894,
        0.8396331071853638,
        0.3831638991832733,
        0.7936729192733765,
        0.5296069979667664,
        0.4787692427635193,
        0.6385963559150696,
        0.5606710314750671
    ],
    "4": [
        0.8069105744361877,
        0.23452073335647583,
        0.45118847489356995,
        0.7822559475898743,
        0.0784258246421814,
        0.8495051860809326,
        0.37567171454429626,
        0.8031644821166992,
        0.5195766091346741,
        0.4886931777000427,
        0.6386985778808594,
        0.5690243244171143
    ],
    "5": [
        0.8168097138404846,
        0.22678542137145996,
        0.4598792791366577,
        0.7907872200012207,
        0.08827671408653259,
        0.8592658638954163,
        0.37108927965164185,
        0.812235951423645,
        0.5095617771148682,
        0.4986230731010437,
        0.6387669444084167,
        0.576421320438385
    ],
    "6": [
        0.8264927864074707,
        0.22053487598896027,
        0.4682360887527466,
        0.7989765405654907,
        0.09825903922319412,
        0.8690252900123596,
        0.36479878425598145,
        0.821035623550415,
        0.49963366985321045,
        0.5084260702133179,
        0.6388170123100281,
        0.5838659405708313
    ],
    "7": [
        0.8360550999641418,
        0.21470193564891815,
        0.47626689076423645,
        0.8070750832557678,
        0.1083274856209755,
        0.878815233707428,
        0.3578207790851593,
        0.8296729922294617,
        0.4896946847438812,
        0.5180909633636475,
        0.6388586163520813,
        0.5919703245162964
    ],
    "8": [
        0.8453145027160645,
        0.21013770997524261,
        0.48380139470100403,
        0.8148813247680664,
        0.11851316690444946,
        0.888543426990509,
        0.34993278980255127,
        0.8378877639770508,
        0.47977644205093384,
        0.5275309085845947,
        0.6388302445411682,
        0.600437581539154
    ],
    "9": [
        0.8544254302978516,
        0.2063092589378357,
        0.4905584156513214,
        0.8226326107978821,
        0.12881357967853546,
        0.898192286491394,
        0.3414461016654968,
        0.8456361889839172,
        0.46988677978515625,
        0.5367941856384277,
        0.6386933326721191,
        0.6093664765357971
    ],
    "10": [
        0.8636445999145508,
        0.2024262249469757,
        0.49695661664009094,
        0.8302783370018005,
        0.13920296728610992,
        0.9078719019889832,
        0.3332323729991913,
        0.853101909160614,
        0.46001213788986206,
        0.5456677079200745,
        0.6386383771896362,
        0.6178228855133057
    ],
    "11": [
        0.8729107975959778,
        0.19926603138446808,
        0.5028873682022095,
        0.837355375289917,
        0.149709090590477,
        0.9175872206687927,
        0.3256845772266388,
        0.8601703643798828,
        0.45019984245300293,
        0.554435133934021,
        0.6385967135429382,
        0.6263758540153503
    ],
    "12": [
        0.881925642490387,
        0.19714945554733276,
        0.5080138444900513,
        0.8441711664199829,
        0.1603362113237381,
        0.9273024797439575,
        0.3173646330833435,
        0.86675626039505,
        0.44038116931915283,
        0.5630282759666443,
        0.638680100440979,
        0.63527911901474
    ],
    "13": [
        0.8905890583992004,
        0.196763813495636,
        0.5121669769287109,
        0.8502600193023682,
        0.1710575968027115,
        0.936972975730896,
        0.30942922830581665,
        0.8727077841758728,
        0.4307160973548889,
        0.57132887840271,
        0.6386967897415161,
        0.6441274881362915
    ],
    "14": [
        0.8993034362792969,
        0.196516215801239,
        0.5156325697898865,
        0.8561043739318848,
        0.18190839886665344,
        0.9467362761497498,
        0.30082663893699646,
        0.8779945969581604,
        0.4210093021392822,
        0.5793945789337158,
        0.6387279033660889,
        0.6530641317367554
    ],
    "15": [
        0.907946765422821,
        0.1970347911119461,
        0.5184041261672974,
        0.8616053462028503,
        0.1928578019142151,
        0.9564827084541321,
        0.2928295135498047,
        0.882770299911499,
        0.4114213287830353,
        0.5871349573135376,
        0.638777494430542,
        0.6619147062301636
    ],
    "16": [
        0.9166027903556824,
        0.19849689304828644,
        0.5208128094673157,
        0.8664278984069824,
        0.20390459895133972,
        0.9661543369293213,
        0.28490322828292847,
        0.8869457840919495,
        0.40192580223083496,
        0.59466952085495,
        0.6388652324676514,
        0.670474112033844
    ],
    "17": [
        0.9249428510665894,
        0.20067647099494934,
        0.5223240256309509,
        0.8706461191177368,
        0.21504506468772888,
        0.9758214354515076,
        0.2774595618247986,
        0.8904123306274414,
        0.3925042152404785,
        0.601864218711853,
        0.6389227509498596,
        0.6794078350067139
    ],
    "18": [
        0.9332038164138794,
        0.20364761352539062,
        0.5239145159721375,
        0.8729957342147827,
        0.22627493739128113,
        0.9855024814605713,
        0.2690808176994324,
        0.8929067254066467,
        0.38338860869407654,
        0.6086591482162476,
        0.6389731764793396,
        0.6871232986450195
    ],
    "19": [
        0.9413278102874756,
        0.20591522753238678,
        0.5248641967773438,
        0.8747265338897705,
        0.23760689795017242,
        0.995103657245636,
        0.26025885343551636,
        0.8945808410644531,
        0.3743216395378113,
        0.6149833798408508,
        0.6389421224594116,
        0.6948138475418091
    ],
    "20": [
        0.9494153261184692,
        0.20820538699626923,
        0.525413990020752,
        0.8760192394256592,
        0.24905455112457275,
        1.0046813488006592,
        0.2521316707134247,
        0.8954576253890991,
        0.36534398794174194,
        0.6208572387695312,
        0.6388389468193054,
        0.7021579742431641
    ],
    "21": [
        0.9570329189300537,
        0.21120190620422363,
        0.525326669216156,
        0.8759075999259949,
        0.26054027676582336,
        1.0141453742980957,
        0.24480494856834412,
        0.8954311013221741,
        0.35659319162368774,
        0.6262752413749695,
        0.6386546492576599,
        0.7092594504356384
    ],