{
    "Iteration": [
        0,
        1,
        2,
        3,
        4,
        5,
        6,
        7,
        8,
        9,
        10,
        11,
        12,
        13,
        14,
        15,
        16,
        17,
        18,
        19,
        20,
        21,
        22,
        23,
        24,
        25,
        26,
        27,
        28,
        29,
        30,
        31,
        32,
        33,
        34,
        35,
        36,
        37,
        38,
        39
    ],
    "Cost": [
        0.7739205545093465,
        0.755614285346615,
        0.7526913860944106,
        0.7523203712948683,
        0.7637706641044167,
        0.7452743727545189,
        0.7335507531971897,
        0.7436924822457048,
        0.7402954243788469,
        0.7371802636338888,
        0.7355235283606185,
        0.7271997692678177,
        0.7282964990104821,
        0.7165967131898298,
        0.7281433759452421,
        0.7140732482046422,
        0.7155374242977023,
        0.7116037156027598,
        0.7037825573609396,
        0.7148747940440736,
        0.7075072170743624,
        0.7011349519093203,
        0.7063724128867734,
        0.6987220438006241,
        0.6965610296049004,
        0.6955749602611764,
        0.6892115055772154,
        0.6891208380164418,
        0.695459110684163,
        0.6825547240841936,
        0.6820666372351293,
        0.6814006732902268,
        0.6821466852860837,
        0.6788087799057603,
        0.6742962930812201,
        0.676297252063238,
        0.6716223871710088,
        0.6708564779517289,
        0.6562651413806557,
        0.6674415023581537
    ],
    "Time": [
        6.465028524398804,
        6.684669494628906,
        6.874501705169678,
        6.955389976501465,
        7.3432347774505615,
        7.139761209487915,
        7.02243185043335,
        6.846060752868652,
        6.848318338394165,
        6.975164890289307,
        6.960452556610107,
        6.872101783752441,
        6.857169151306152,
        6.86133885383606,
        6.8436150550842285,
        7.166048765182495,
        6.839096546173096,
        6.844207048416138,
        6.85888934135437,
        6.937791109085083,
        6.998547077178955,
        6.930994272232056,
        6.8241286277771,
        6.843369245529175,
        6.8411705493927,
        6.948587894439697,
        6.813143014907837,
        8.076079607009888,
        9.116693258285522,
        7.478945970535278,
        6.885686874389648,
        6.970394611358643,
        6.735718488693237,
        6.886091709136963,
        6.8508522510528564,
        6.878861427307129,
        6.551151514053345,
        6.521108388900757,
        7.022571563720703,
        7.211058616638184
    ]
}